feature,coefficient
num_cards_total,0.11614817043041982
num_cards_with_highlight,0.1161481704304198
num_offs,0.10853542278733376
num_positions,0.07533794484356054
num_adv_inh_solv,-0.02403046767532266
total_highlighted_words,-0.17478022817440483
