feature,coefficient
side_binary_neg,0.23682547687413652
num_cards_total,0.11224280437277305
num_cards_with_highlight,0.11224280437277227
num_adv_inh_solv,0.08866347994985543
num_positions,0.08557698521827978
num_offs,0.009345399210792825
total_highlighted_words,-0.1846345582367462
