split,rows,accuracy,log_loss
train,339,0.5722713864306784,0.6818721492974469
validation,73,0.5753424657534246,0.6860703410280645
test,72,0.4305555555555556,0.7323642334430658
